alg_name,array_size,k_value,threshold,num_threads,mean_time,std_time
mergesort_seq,1048576,-1,16,1,0.07755614,0.0016074904374210148
mergesort_seq,1048576,-1,64,1,0.07860323999999999,0.0014900724057575227
mergesort_seq,1048576,-1,256,1,0.07621697999999999,0.0006792891502151339
mergesort_seq,1048576,-1,1024,1,0.07449874000000001,0.0009222257979475525
mergesort_seq,1048576,-1,4096,1,0.07190126,0.0007052671907865876
mergesort_seq,4194304,-1,16,1,0.3613336,0.018353795929997696
mergesort_seq,4194304,-1,64,1,0.3591354,0.015370310961070366
mergesort_seq,4194304,-1,256,1,0.344104,0.002903738349094146
mergesort_seq,4194304,-1,1024,1,0.3330516,0.0018744939157009884
mergesort_seq,4194304,-1,4096,1,0.32215779999999994,0.002145897425321164
mergesort_seq,16777216,-1,16,1,1.5152579999999998,0.004388504984616038
mergesort_seq,16777216,-1,64,1,1.53749,0.00963823427812379
mergesort_seq,16777216,-1,256,1,1.505876,0.005426901878604379
mergesort_seq,16777216,-1,1024,1,1.479146,0.007467389369786453
mergesort_seq,16777216,-1,4096,1,1.4443819999999998,0.009239085236104267
mergesort_seq,67108864,-1,16,1,6.682852,0.0244753601812108
mergesort_seq,67108864,-1,64,1,6.7334119999999995,0.014156351789921095
mergesort_seq,67108864,-1,256,1,6.6196660000000005,0.004372164681253651
mergesort_seq,67108864,-1,1024,1,6.50073,0.010990776132739561
mergesort_seq,67108864,-1,4096,1,6.365772,0.016892314702254503
mergesort_par,1048576,-1,16,1,0.08847568,0.0018803918032154908
mergesort_par,1048576,-1,16,2,0.0673936,0.003085007052179945
mergesort_par,1048576,-1,16,4,0.06971434000000001,0.0032950644076254415
mergesort_par,1048576,-1,16,8,0.07378898,0.0033875489649007277
mergesort_par,1048576,-1,64,1,0.08340306,0.0019463032565353203
mergesort_par,1048576,-1,64,2,0.05104894,0.0012859845358323698
mergesort_par,1048576,-1,64,4,0.04450302,0.0017844523892780095
mergesort_par,1048576,-1,64,8,0.035715319999999995,0.0015203650238018501
mergesort_par,1048576,-1,256,1,0.08227269999999999,0.0033975615691257187
mergesort_par,1048576,-1,256,2,0.04355658,0.0005599560354170675
mergesort_par,1048576,-1,256,4,0.037502060000000004,0.0016730358939365281
mergesort_par,1048576,-1,256,8,0.027069680000000002,0.000590953877726511
mergesort_par,1048576,-1,1024,1,0.07874935999999999,0.0033171654969868475
mergesort_par,1048576,-1,1024,2,0.04608686000000001,0.0031868886837164555
mergesort_par,1048576,-1,1024,4,0.03918012,0.0012693410233660613
mergesort_par,1048576,-1,1024,8,0.028484220000000005,0.0013170457735401607
mergesort_par,1048576,-1,4096,1,0.0755673,0.0009160427348109913
mergesort_par,1048576,-1,4096,2,0.04182860000000001,0.0013727987718525978
mergesort_par,1048576,-1,4096,4,0.03556820000000001,0.0014334891684278602
mergesort_par,1048576,-1,4096,8,0.027392500000000004,0.0008670899099862713
mergesort_par,4194304,-1,16,1,0.3927224,0.005683982990826055
mergesort_par,4194304,-1,16,2,0.3079748,0.002558188843693928
mergesort_par,4194304,-1,16,4,0.27360379999999995,0.0069869464403271315
mergesort_par,4194304,-1,16,8,0.2984418,0.006577772431454282
mergesort_par,4194304,-1,64,1,0.36627960000000004,0.0018336317623776108
mergesort_par,4194304,-1,64,2,0.2186296,0.005326685858955823
mergesort_par,4194304,-1,64,4,0.18481799999999998,0.0055956328685860006
mergesort_par,4194304,-1,64,8,0.13432400000000003,0.002643484821216116
mergesort_par,4194304,-1,256,1,0.3499672,0.001212909625652306
mergesort_par,4194304,-1,256,2,0.19708799999999999,0.005586473914733686
mergesort_par,4194304,-1,256,4,0.16457139999999998,0.006928875048664107
mergesort_par,4194304,-1,256,8,0.11811100000000001,0.0038306235001628625
mergesort_par,4194304,-1,1024,1,0.33850579999999997,0.00142497500328953
mergesort_par,4194304,-1,1024,2,0.1824836,0.0008970570996319032
mergesort_par,4194304,-1,1024,4,0.1563832,0.005949232837938018
mergesort_par,4194304,-1,1024,8,0.11128020000000001,0.004576575986477227
mergesort_par,4194304,-1,4096,1,0.32744359999999995,0.0015407584625761292
mergesort_par,4194304,-1,4096,2,0.1785926,0.0034592649855135355
mergesort_par,4194304,-1,4096,4,0.1547746,0.005466017585043066
mergesort_par,4194304,-1,4096,8,0.1060884,0.0036644921394376026
mergesort_par,16777216,-1,16,1,1.706364,0.008009276122097458
mergesort_par,16777216,-1,16,2,1.235876,0.013338819438016259
mergesort_par,16777216,-1,16,4,1.1260759999999999,0.05940803029894193
mergesort_par,16777216,-1,16,8,1.162938,0.022100187691510627
mergesort_par,16777216,-1,64,1,1.6234099999999998,0.009599437483519538
mergesort_par,16777216,-1,64,2,0.9341546000000001,0.008515624430422006
mergesort_par,16777216,-1,64,4,0.7577195999999999,0.040538839606481095
mergesort_par,16777216,-1,64,8,0.5619718,0.016026103349223733
mergesort_par,16777216,-1,256,1,1.5474439999999998,0.0043760009140766665
mergesort_par,16777216,-1,256,2,0.8574408,0.007934455328502408
mergesort_par,16777216,-1,256,4,0.7014776,0.028566966654512003
mergesort_par,16777216,-1,256,8,0.4944501999999999,0.023411803487984426
mergesort_par,16777216,-1,1024,1,1.501884,0.005409671339369899
mergesort_par,16777216,-1,1024,2,0.8100564,0.00876373780073319
mergesort_par,16777216,-1,1024,4,0.6750342,0.028202097740416415
mergesort_par,16777216,-1,1024,8,0.4728996,0.00566154426283148
mergesort_par,16777216,-1,4096,1,1.4533619999999998,0.0065169176763252125
mergesort_par,16777216,-1,4096,2,0.7852018,0.009895167131483923
mergesort_par,16777216,-1,4096,4,0.6455874,0.0192735347728433
mergesort_par,16777216,-1,4096,8,0.4693866,0.010231943131194585
mergesort_par,67108864,-1,16,1,7.378324000000001,0.012639581638646027
mergesort_par,67108864,-1,16,2,5.206872,0.05252174003210484
mergesort_par,67108864,-1,16,4,4.74124,0.23815465554970794
mergesort_par,67108864,-1,16,8,4.438129999999999,0.0959854316029261
mergesort_par,67108864,-1,64,1,7.045492,0.008021519556792249
mergesort_par,67108864,-1,64,2,4.045998,0.01810083025720076
mergesort_par,67108864,-1,64,4,3.3804199999999995,0.10592953903420904
mergesort_par,67108864,-1,64,8,2.3640719999999997,0.035976580382243155
mergesort_par,67108864,-1,256,1,6.795298,0.021682884863412577
mergesort_par,67108864,-1,256,2,3.6978859999999996,0.009822972258944839
mergesort_par,67108864,-1,256,4,3.0648679999999997,0.08384585389868725
mergesort_par,67108864,-1,256,8,2.108732,0.07697997386333669
mergesort_par,67108864,-1,1024,1,6.5957419999999995,0.012593138449171499
mergesort_par,67108864,-1,1024,2,3.5487580000000003,0.01411623660895487
mergesort_par,67108864,-1,1024,4,2.948804,0.0758560142902328
mergesort_par,67108864,-1,1024,8,1.987648,0.09561157992628301
mergesort_par,67108864,-1,4096,1,6.411192,0.005606187296193478
mergesort_par,67108864,-1,4096,2,3.5773160000000006,0.22805157369332052
mergesort_par,67108864,-1,4096,4,2.854524,0.0938366950824676
mergesort_par,67108864,-1,4096,8,1.994678,0.01930071957207804
kway_seq,1048576,2,16,1,0.270428,0.0023185200452012426
kway_seq,1048576,2,64,1,0.24146300000000004,0.001927216957169068
kway_seq,1048576,2,256,1,0.21728579999999997,0.0034885230915102164
kway_seq,1048576,2,1024,1,0.193615,0.001131380572574935
kway_seq,1048576,2,4096,1,0.1684928,0.002950064433194643
kway_seq,1048576,4,16,1,0.1765566,0.0005217741273769748
kway_seq,1048576,4,64,1,0.161889,0.0012481472669521039
kway_seq,1048576,4,256,1,0.14887080000000003,0.0003773059236216708
kway_seq,1048576,4,1024,1,0.13604719999999998,0.00324702728045207
kway_seq,1048576,4,4096,1,0.12269459999999999,0.0022232393123548288
kway_seq,1048576,8,16,1,0.1647266,0.0013513142639667557
kway_seq,1048576,8,64,1,0.14369539999999997,0.0007815811154320503
kway_seq,1048576,8,256,1,0.130443,0.002970524263492891
kway_seq,1048576,8,1024,1,0.129046,0.0031612107806977996
kway_seq,1048576,8,4096,1,0.11147699999999998,0.0018623855669543852
kway_seq,1048576,16,16,1,0.13597140000000002,0.001421934119430287
kway_seq,1048576,16,64,1,0.135165,0.0013880894783838721
kway_seq,1048576,16,256,1,0.11950160000000001,0.00044964990826197414
kway_seq,1048576,16,1024,1,0.11946379999999998,0.0015198001710751323
kway_seq,1048576,16,4096,1,0.1007353,0.0013058762422220537
kway_seq,1048576,32,16,1,0.1629902,0.0027967673053008956
kway_seq,1048576,32,64,1,0.1341726,0.008278008204876343
kway_seq,1048576,32,256,1,0.1311522,0.0036107640410306535
kway_seq,1048576,32,1024,1,0.10908899999999999,0.0025367068415565893
kway_seq,1048576,32,4096,1,0.10867900000000001,0.0023239983648875515
kway_seq,4194304,2,16,1,1.202692,0.013072578016596417
kway_seq,4194304,2,64,1,1.099642,0.007369850473381406
kway_seq,4194304,2,256,1,0.9990116,0.003953101901039283
kway_seq,4194304,2,1024,1,0.9051081999999999,0.008780448722018722
kway_seq,4194304,2,4096,1,0.7923472,0.0059606137066580515
kway_seq,4194304,4,16,1,0.780635,0.0066681514679857
kway_seq,4194304,4,64,1,0.760213,0.011588842150965744
kway_seq,4194304,4,256,1,0.7006346,0.007110275651477931
kway_seq,4194304,4,1024,1,0.6430366000000001,0.011357123132202124
kway_seq,4194304,4,4096,1,0.5738989999999999,0.015850048403711577
kway_seq,4194304,8,16,1,0.6633975999999999,0.007509215261263964
kway_seq,4194304,8,64,1,0.6642454,0.00481318441782566
kway_seq,4194304,8,256,1,0.6077626,0.0015356099244274491
kway_seq,4194304,8,1024,1,0.5476913999999999,0.005349570995883681
kway_seq,4194304,8,4096,1,0.5537080000000001,0.014855361402537461
kway_seq,4194304,16,16,1,0.6676488,0.0037921605134804016
kway_seq,4194304,16,64,1,0.5824676,0.007479444113034099
kway_seq,4194304,16,256,1,0.5774289999999999,0.0044944461727781096
kway_seq,4194304,16,1024,1,0.5036188,0.003963419402485684
kway_seq,4194304,16,4096,1,0.5032089999999999,0.0026776791443337577
kway_seq,4194304,32,16,1,0.6344698,0.005063734842979075
kway_seq,4194304,32,64,1,0.6302342,0.0046726864820999985
kway_seq,4194304,32,256,1,0.5294641999999999,0.0030012868839882616
kway_seq,4194304,32,1024,1,0.5290857999999999,0.0018890855353847801
kway_seq,4194304,32,4096,1,0.4447114,0.002632272903784863
kway_seq,16777216,2,16,1,5.320796,0.005479648163887986
kway_seq,16777216,2,64,1,4.93629,0.017115921243100077
kway_seq,16777216,2,256,1,4.494249999999999,0.016848217709894524
kway_seq,16777216,2,1024,1,4.093826000000001,0.007850833331564094
kway_seq,16777216,2,4096,1,3.691724,0.019617732386797357
kway_seq,16777216,4,16,1,3.542866,0.019930202808802432
kway_seq,16777216,4,64,1,3.281926,0.024297757592008327
kway_seq,16777216,4,256,1,3.0998200000000002,0.012971636751004077
kway_seq,16777216,4,1024,1,2.85172,0.042969933209163876
kway_seq,16777216,4,4096,1,2.662504,0.017552150409565235
kway_seq,16777216,8,16,1,3.1020659999999998,0.01859163639919842
kway_seq,16777216,8,64,1,2.7837259999999997,0.030372036217547287
kway_seq,16777216,8,256,1,2.778304,0.009331507059419677
kway_seq,16777216,8,1024,1,2.516514,0.014246228413162558
kway_seq,16777216,8,4096,1,2.24651,0.011294912128918927
kway_seq,16777216,16,16,1,2.6720680000000003,0.01136237545586315
kway_seq,16777216,16,64,1,2.671456,0.007937751822777058
kway_seq,16777216,16,256,1,2.41156,0.007957037137025278
kway_seq,16777216,16,1024,1,2.399172,0.006481281971955887
kway_seq,16777216,16,4096,1,2.099102,0.010707088119559055
kway_seq,16777216,32,16,1,2.520238,0.005164569294723495
kway_seq,16777216,32,64,1,2.519896,0.009863821977306788
kway_seq,16777216,32,256,1,2.524134,0.007949851822518391
kway_seq,16777216,32,1024,1,2.2259979999999997,0.009509631748916414
kway_seq,16777216,32,4096,1,2.228118,0.00857728954856944
kway_seq,67108864,2,16,1,23.347839999999998,0.044101818556607233
kway_seq,67108864,2,64,1,21.74752,0.015051166067783624
kway_seq,67108864,2,256,1,20.31514,0.418996499269386
kway_seq,67108864,2,1024,1,18.42178,0.05117997264555845
kway_seq,67108864,2,4096,1,16.73864,0.037667312088865965
kway_seq,67108864,4,16,1,15.162299999999998,0.04518065957907259
kway_seq,67108864,4,64,1,14.640620000000002,0.06558394315684285
kway_seq,67108864,4,256,1,13.517419999999998,0.036681515781112374
kway_seq,67108864,4,1024,1,12.76944,0.02782089861956317
kway_seq,67108864,4,4096,1,11.64268,0.011292723320794236
kway_seq,67108864,8,16,1,13.852339999999998,0.044303345246155035
kway_seq,67108864,8,64,1,12.5136,0.03281615455838754
kway_seq,67108864,8,256,1,11.515260000000001,0.030996683693582456
kway_seq,67108864,8,1024,1,11.68052,0.35342878999877714
kway_seq,67108864,8,4096,1,10.45472,0.024543137533738255
kway_seq,67108864,16,16,1,12.6649,0.021611200799585607
kway_seq,67108864,16,64,1,11.26874,0.043695244592518195
kway_seq,67108864,16,256,1,11.26574,0.009722674529161333
kway_seq,67108864,16,1024,1,10.085080000000001,0.06602097848411508
kway_seq,67108864,16,4096,1,10.031220000000001,0.015680484686386394
kway_seq,67108864,32,16,1,12.614080000000001,0.02359562671343997
kway_seq,67108864,32,64,1,10.67164,0.03332798223715301
kway_seq,67108864,32,256,1,10.6999,0.041466516612804205
kway_seq,67108864,32,1024,1,10.9169,0.14537089117151364
kway_par,1048576,2,16,2,0.1757466,0.003666927847667583
kway_par,1048576,2,16,4,0.1538678,0.006362245905338777
kway_par,1048576,2,16,8,0.11923500000000001,0.0031189862455612053
kway_par,1048576,2,64,2,0.1460498,0.0011766490385837275
kway_par,1048576,2,64,4,0.12520879999999998,0.0030293255619031766
kway_par,1048576,2,64,8,0.09097376,0.003112557668927596
kway_par,1048576,2,256,2,0.12816980000000003,0.0022290277162924674
kway_par,1048576,2,256,4,0.11118520000000001,0.006558150788141427
kway_par,1048576,2,256,8,0.08340244,0.002556543750926241
kway_par,1048576,2,1024,2,0.11412119999999999,0.0017598714043929452
kway_par,1048576,2,1024,4,0.10005232,0.005244137689801823
kway_par,1048576,2,1024,8,0.07585564,0.0029881654764085616
kway_par,1048576,2,4096,2,0.10288093999999999,0.0022925075472940127
kway_par,1048576,2,4096,4,0.09261275999999999,0.00456212605288368
kway_par,1048576,2,4096,8,0.07292815999999999,0.0029239822096586003
kway_par,1048576,4,16,2,0.12705160000000001,0.004448838616987585
kway_par,1048576,4,16,4,0.08459900000000001,0.0025519155056545275
kway_par,1048576,4,16,8,0.08142788,0.0011708051919939542
kway_par,1048576,4,64,2,0.10431779999999999,0.003729770470149604
kway_par,1048576,4,64,4,0.06879508000000001,0.002181557469699112
kway_par,1048576,4,64,8,0.06056878,0.0034104709565689036
kway_par,1048576,4,256,2,0.09632774000000001,0.003630503635365207
kway_par,1048576,4,256,4,0.06094434,0.0023009339117845153
kway_par,1048576,4,256,8,0.06590122000000001,0.003500773351361097
kway_par,1048576,4,1024,2,0.0854618,0.0013029403025465157
kway_par,1048576,4,1024,4,0.05902942,0.002277752101875882
kway_par,1048576,4,1024,8,0.05386344,0.002706436382847377
kway_par,1048576,4,4096,2,0.0791057,0.0022123991918277324
kway_par,1048576,4,4096,4,0.05249736000000001,0.0018337522849065512
kway_par,1048576,4,4096,8,0.04934942,0.0012188726322302924
kway_par,1048576,8,16,2,0.14755200000000002,0.00864624519661569
kway_par,1048576,8,16,4,0.1437076,0.0067207178664187356
kway_par,1048576,8,16,8,0.1867528,0.003214738583462122
kway_par,1048576,8,64,2,0.10319698,0.004705569461988634
kway_par,1048576,8,64,4,0.08191098,0.007048121616260605
kway_par,1048576,8,64,8,0.05991536000000001,0.0021030904788905316
kway_par,1048576,8,256,2,0.08255678,0.0020001278333146607
kway_par,1048576,8,256,4,0.06126558000000001,0.0012291330105403543
kway_par,1048576,8,256,8,0.05378086,0.002710131380283988
kway_par,1048576,8,1024,2,0.08503335999999999,0.002624259175919938
kway_par,1048576,8,1024,4,0.06080914,0.0016096208269030302
kway_par,1048576,8,1024,8,0.0497567,0.001755678781554302
kway_par,1048576,8,4096,2,0.072105,0.0009706196845314865
kway_par,1048576,8,4096,4,0.051234520000000006,0.0009578351244342633
kway_par,1048576,8,4096,8,0.04288268,0.0005150810631347274
kway_par,1048576,16,16,2,0.09800006,0.004541867471250127
kway_par,1048576,16,16,4,0.07490606,0.001113028963863926
kway_par,1048576,16,16,8,0.0752127,0.0030406632927701778
kway_par,1048576,16,64,2,0.10034874,0.0027946953691592243
kway_par,1048576,16,64,4,0.07769828000000001,0.0025940564638419136
kway_par,1048576,16,64,8,0.07250196,0.0012971262461302683
kway_par,1048576,16,256,2,0.0825504,0.0012862112268208488
kway_par,1048576,16,256,4,0.06007372,0.0018962037816648296
kway_par,1048576,16,256,8,0.05028252,0.0028910485623039935
kway_par,1048576,16,1024,2,0.07988172,0.0010318092428351258
kway_par,1048576,16,1024,4,0.05801874,0.000941339663670876
kway_par,1048576,16,1024,8,0.05133046,0.0009519564729545141
kway_par,1048576,16,4096,2,0.07049264,0.0010838059523733928
kway_par,1048576,16,4096,4,0.05341602000000001,0.0019085617500096766
kway_par,1048576,16,4096,8,0.04506928,0.0004399780785448293
kway_par,1048576,32,16,2,0.25132,0.017829442279555463
kway_par,1048576,32,16,4,0.38855080000000003,0.03695480749997218
kway_par,1048576,32,16,8,0.5703384,0.0074460735854542884
kway_par,1048576,32,64,2,0.09516232,0.0037932030140238994
kway_par,1048576,32,64,4,0.06950754,0.001462053697509091
kway_par,1048576,32,64,8,0.06692214,0.0037696213404531786
kway_par,1048576,32,256,2,0.09915596,0.014717181942967207
kway_par,1048576,32,256,4,0.0699635,0.002990115601109759
kway_par,1048576,32,256,8,0.06380171999999999,0.002820093369659946
kway_par,1048576,32,1024,2,0.07378188,0.0008317843335865386
kway_par,1048576,32,1024,4,0.06292776,0.0019839064923529025
kway_par,1048576,32,1024,8,0.052366939999999994,0.0016774359476295969
kway_par,1048576,32,4096,2,0.07618712,0.0020012020711562347
kway_par,1048576,32,4096,4,0.059564240000000004,0.0013363018829590865
kway_par,1048576,32,4096,8,0.05296504,0.001930451340593696
kway_par,4194304,2,16,2,0.8107257999999999,0.019570103948625326
kway_par,4194304,2,16,4,0.6853096,0.00795860778277209
kway_par,4194304,2,16,8,0.5196418,0.013350838841061656
kway_par,4194304,2,64,2,0.6782776,0.02984088846934688
kway_par,4194304,2,64,4,0.5648276000000001,0.01489457021333615
kway_par,4194304,2,64,8,0.41306080000000006,0.012525396335445851
kway_par,4194304,2,256,2,0.5978698,0.017514944218009938
kway_par,4194304,2,256,4,0.4939935999999999,0.006606969489864472
kway_par,4194304,2,256,8,0.35867480000000007,0.008919454499015059
kway_par,4194304,2,1024,2,0.5245629999999999,0.009449759552496592
kway_par,4194304,2,1024,4,0.4552932,0.018120875292325145
kway_par,4194304,2,1024,8,0.3323262,0.008442205858660392
kway_par,4194304,2,4096,2,0.47838239999999993,0.008135340376407129
kway_par,4194304,2,4096,4,0.40682519999999994,0.009792132625735823
kway_par,4194304,2,4096,8,0.2930806,0.00429368562426267
kway_par,4194304,4,16,2,0.5346664000000001,0.020940328751956117
kway_par,4194304,4,16,4,0.34949620000000003,0.008119609680274045
kway_par,4194304,4,16,8,0.32347000000000004,0.0037567551424068217
kway_par,4194304,4,64,2,0.4795374,0.004190081125706263
kway_par,4194304,4,64,4,0.305736,0.012801700402680886
kway_par,4194304,4,64,8,0.24932160000000003,0.004237854391080472
kway_par,4194304,4,256,2,0.42784279999999997,0.014140015210741468
kway_par,4194304,4,256,4,0.28127300000000005,0.03648117710820198
kway_par,4194304,4,256,8,0.2611192,0.02317662947367455
kway_par,4194304,4,1024,2,0.39054900000000004,0.013825371749070618
kway_par,4194304,4,1024,4,0.2535618,0.010601342148992264
kway_par,4194304,4,1024,8,0.2266506,0.00330870775983616
kway_par,4194304,4,4096,2,0.3521166,0.008637010584687285
kway_par,4194304,4,4096,4,0.229756,0.004042930372885492
kway_par,4194304,4,4096,8,0.194408,0.003004934075815975
kway_par,4194304,8,16,2,0.44808339999999997,0.00528938138537957
kway_par,4194304,8,16,4,0.33398959999999994,0.017629399225157955
kway_par,4194304,8,16,8,0.3010288,0.022528927789843885
kway_par,4194304,8,64,2,0.49923140000000005,0.05210880072924344
kway_par,4194304,8,64,4,0.322138,0.004170038465050412
kway_par,4194304,8,64,8,0.2928786,0.0058324521635415095
kway_par,4194304,8,256,2,0.3868388,0.007884655259426372
kway_par,4194304,8,256,4,0.27390919999999996,0.004685965830007718
kway_par,4194304,8,256,8,0.2104336,0.017172191457120435
kway_par,4194304,8,1024,2,0.34514279999999997,0.00699198685353456
kway_par,4194304,8,1024,4,0.23813979999999998,0.00669595434273562
kway_par,4194304,8,1024,8,0.18804939999999998,0.003942836522099295
kway_par,4194304,8,4096,2,0.3452868,0.011753637111975164
kway_par,4194304,8,4096,4,0.240538,0.00650468382014069
kway_par,4194304,8,4096,8,0.1923892,0.012732635789969016
kway_par,4194304,16,16,2,0.5961626,0.010669089456931204
kway_par,4194304,16,16,4,0.5701600000000001,0.017467152280781197
kway_par,4194304,16,16,8,0.708794,0.0077672403593554585
kway_par,4194304,16,64,2,0.3922502,0.009660550944951335
kway_par,4194304,16,64,4,0.27576980000000006,0.005582384701899355
kway_par,4194304,16,64,8,0.2230366,0.00350955613147874
kway_par,4194304,16,256,2,0.3888846,0.009384879532524653
kway_par,4194304,16,256,4,0.27805240000000003,0.008372596385829194
kway_par,4194304,16,256,8,0.2232408,0.004639883938203623
kway_par,4194304,16,1024,2,0.33155239999999997,0.005884473454779116
kway_par,4194304,16,1024,4,0.2441434,0.004783571954094553
kway_par,4194304,16,1024,8,0.2016946,0.005792743792021183
kway_par,4194304,16,4096,2,0.3384114,0.003067826370575751
kway_par,4194304,16,4096,4,0.24652179999999996,0.004852347159880453
kway_par,4194304,16,4096,8,0.200629,0.0024429764632513317
kway_par,4194304,32,16,2,0.5532808,0.007332691713143272
kway_par,4194304,32,16,4,0.5162381999999999,0.025477158321916497
kway_par,4194304,32,16,8,0.6941264,0.001975515183439494
kway_par,4194304,32,64,2,0.5691664,0.008128008799207836
kway_par,4194304,32,64,4,0.5382174,0.03477504852965703
kway_par,4194304,32,64,8,0.6684528,0.0032365734596946655
kway_par,4194304,32,256,2,0.3620978,0.004426865861984083
kway_par,4194304,32,256,4,0.25965499999999997,0.006987438672360563
kway_par,4194304,32,256,8,0.2187224,0.0021511338963439712
kway_par,4194304,32,1024,2,0.3583708,0.007549880539452265
kway_par,4194304,32,1024,4,0.26526960000000005,0.006962616996503548
kway_par,4194304,32,1024,8,0.215217,0.0018129925537629695
kway_par,4194304,32,4096,2,0.32284820000000003,0.018388011207305682
kway_par,4194304,32,4096,4,0.25439960000000006,0.011115148070988528
kway_par,4194304,32,4096,8,0.2184436,0.008493072296878205
kway_par,16777216,2,16,2,3.5607800000000003,0.08613606166989526
kway_par,16777216,2,16,4,2.92484,0.06668695674567855
kway_par,16777216,2,16,8,2.0988700000000002,0.04753960496259933
kway_par,16777216,2,64,2,2.898596,0.027512542303465955
kway_par,16777216,2,64,4,2.436318,0.023035729986262587
kway_par,16777216,2,64,8,1.73599,0.024304037524658283
kway_par,16777216,2,256,2,2.619676,0.04292630363774638
kway_par,16777216,2,256,4,2.167634,0.05418419828695445
kway_par,16777216,2,256,8,1.533536,0.04927352051558732
kway_par,16777216,2,1024,2,2.3416959999999998,0.014821871136938143
kway_par,16777216,2,1024,4,1.964684,0.08809222567287081
kway_par,16777216,2,1024,8,1.45372,0.02785260418704149
kway_par,16777216,2,4096,2,2.206778,0.03507638829754281
kway_par,16777216,2,4096,4,1.7715319999999999,0.014104618250771618
kway_par,16777216,2,4096,8,1.3326620000000002,0.012905080239967502
kway_par,16777216,4,16,2,2.201638,0.012968477782685289
kway_par,16777216,4,16,4,1.4399520000000001,0.010780852285417938
kway_par,16777216,4,16,8,1.3050739999999998,0.008057504824696058
kway_par,16777216,4,64,2,1.9486899999999998,0.006400959303104487
kway_par,16777216,4,64,4,1.2573860000000001,0.062099886505532324
kway_par,16777216,4,64,8,1.0157014,0.031418769292255865
kway_par,16777216,4,256,2,1.905312,0.021207728214026157
kway_par,16777216,4,256,4,1.147172,0.023548472901655442
kway_par,16777216,4,256,8,0.9552992,0.023289626243458678
kway_par,16777216,4,1024,2,1.645654,0.012163317968383451
kway_par,16777216,4,1024,4,1.054328,0.005238249325872104
kway_par,16777216,4,1024,8,0.8893506,0.006137519388156756
kway_par,16777216,4,4096,2,1.523198,0.020946711818326018
kway_par,16777216,4,4096,4,1.0120632,0.03990505215834205
kway_par,16777216,4,4096,8,0.8248581999999999,0.017343027525781065
kway_par,16777216,8,16,2,2.2003,0.013929990667620776
kway_par,16777216,8,16,4,1.591156,0.017255826378356987
kway_par,16777216,8,16,8,1.718598,0.018089057908028255
kway_par,16777216,8,64,2,1.69452,0.024483691715098878
kway_par,16777216,8,64,4,1.1149280000000001,0.008406672112078637
kway_par,16777216,8,64,8,0.8669917999999999,0.014607363874429902
kway_par,16777216,8,256,2,1.6998279999999997,0.012179614772233194
kway_par,16777216,8,256,4,1.1348280000000002,0.01324867600932254
kway_par,16777216,8,256,8,0.8774620000000001,0.022672770170404852
kway_par,16777216,8,1024,2,1.5360779999999998,0.015937888693299363
kway_par,16777216,8,1024,4,1.022846,0.007143146645561772
kway_par,16777216,8,1024,8,0.7964732,0.018667430946972836
kway_par,16777216,8,4096,2,1.379642,0.01621797077318857
kway_par,16777216,8,4096,4,0.9656821999999998,0.01615461046760337
kway_par,16777216,8,4096,8,0.7464138,0.01937194513103936
kway_par,16777216,16,16,2,1.8171240000000002,0.014979677700137549
kway_par,16777216,16,16,4,1.294022,0.02134720909158855
kway_par,16777216,16,16,8,1.1357279999999998,0.007856964808372228
kway_par,16777216,16,64,2,1.8420279999999998,0.032168315094204085
kway_par,16777216,16,64,4,1.304252,0.033329800119412625
kway_par,16777216,16,64,8,1.1437760000000001,0.01294695269165681
kway_par,16777216,16,256,2,1.5540379999999998,0.027921907814474286
kway_par,16777216,16,256,4,1.130832,0.03233391123882175
kway_par,16777216,16,256,8,0.8760429999999999,0.03170940938585898
kway_par,16777216,16,1024,2,1.521828,0.022920796146731023
kway_par,16777216,16,1024,4,1.067836,0.004168235118128515
kway_par,16777216,16,1024,8,0.8333570000000001,0.008254468947182498
kway_par,16777216,16,4096,2,1.3462260000000001,0.01967493999990848
kway_par,16777216,16,4096,4,0.9600192,0.013490734381789602
kway_par,16777216,16,4096,8,0.7751136000000001,0.012122959599041819
kway_par,16777216,32,16,2,1.7256779999999998,0.009733485295617367
kway_par,16777216,32,16,4,1.2939439999999998,0.010498749639838111
kway_par,16777216,32,16,8,1.179544,0.008793887877383926
kway_par,16777216,32,64,2,1.743566,0.014230098523903445
kway_par,16777216,32,64,4,1.299316,0.010826250689874136
kway_par,16777216,32,64,8,1.1818579999999999,0.00626990079666334
kway_par,16777216,32,256,2,1.7309279999999998,0.006722009818499207
kway_par,16777216,32,256,4,1.301272,0.006826408719084998
kway_par,16777216,32,256,8,1.18759,0.011389890254080558
kway_par,16777216,32,1024,2,1.46004,0.01024457124529866
kway_par,16777216,32,1024,4,1.062868,0.009228378839211165
kway_par,16777216,32,1024,8,0.8699928,0.009894227072389225
kway_par,16777216,32,4096,2,1.447132,0.008830844580219967
kway_par,16777216,32,4096,4,1.087922,0.02316414936923
kway_par,16777216,32,4096,8,0.8718538,0.004710464622518688
kway_par,67108864,2,16,2,14.584880000000002,0.07272392728669136
kway_par,67108864,2,16,4,11.762720000000002,0.6256646942252697
kway_par,67108864,2,16,8,8.916152,0.28472431721930586
kway_par,67108864,2,64,2,12.66438,0.055807791570711536
kway_par,67108864,2,64,4,10.690460000000002,0.3110757438309838
kway_par,67108864,2,64,8,7.387274,0.2149534835819135
kway_par,67108864,2,256,2,11.48768,0.16699816046891044
kway_par,67108864,2,256,4,9.839616000000001,0.19223468184487416
kway_par,67108864,2,256,8,6.892384000000002,0.12102766007818219
kway_par,67108864,2,1024,2,10.508719999999999,0.1098248678578764
kway_par,67108864,2,1024,4,8.693944,0.2873344166367822
kway_par,67108864,2,1024,8,6.1802,0.12121390233797459
kway_par,67108864,2,4096,2,9.620752,0.04641818669444102
kway_par,67108864,2,4096,4,8.092234,0.1674392161472335
kway_par,67108864,2,4096,8,5.81261,0.26568559065180786
kway_par,67108864,4,16,2,9.686742,0.028190248952430077
kway_par,67108864,4,16,4,6.423178,0.33545215852040655
kway_par,67108864,4,16,8,5.481566,0.10751489489368425
kway_par,67108864,4,64,2,8.517382,0.10892838058100386
kway_par,67108864,4,64,4,5.4314480000000005,0.17517964235606845
kway_par,67108864,4,64,8,4.296664,0.1784425219055144
kway_par,67108864,4,256,2,7.885212,0.07731522163196591
kway_par,67108864,4,256,4,5.1654160000000005,0.23503032200973556
kway_par,67108864,4,256,8,4.0542039999999995,0.13117124724572843
kway_par,67108864,4,1024,2,7.7540819999999995,0.07161197592581849
kway_par,67108864,4,1024,4,4.746332,0.1365873132322324
kway_par,67108864,4,1024,8,3.89173,0.06181215673312171
kway_par,67108864,4,4096,2,6.884525999999999,0.11427506825200333
kway_par,67108864,4,4096,4,4.386734,0.12418040370364407
kway_par,67108864,4,4096,8,3.6855640000000003,0.10722940167696549
kway_par,67108864,8,16,2,12.244299999999999,0.8504688847923833
kway_par,67108864,8,16,4,9.293636000000001,0.31213268618329615
kway_par,67108864,8,16,8,11.964360000000001,0.16058883647377242
kway_par,67108864,8,64,2,7.9537260000000005,0.12201635965721985
kway_par,67108864,8,64,4,5.545254,0.14203970636410077
kway_par,67108864,8,64,8,4.21199,0.1869726389608917
kway_par,67108864,8,256,2,7.107978,0.11140465473219693
kway_par,67108864,8,256,4,4.686986,0.07415910776162281
kway_par,67108864,8,256,8,3.5496600000000003,0.1317971922310943
kway_par,67108864,8,1024,2,6.967062,0.07453442088055669
kway_par,67108864,8,1024,4,4.66969,0.05759480045976372
kway_par,67108864,8,1024,8,3.651432,0.14948981335194708
kway_par,67108864,8,4096,2,6.393812,0.10707937194436662
kway_par,67108864,8,4096,4,4.285408,0.04913917923612484
kway_par,67108864,8,4096,8,3.23842,0.11932070650142834
kway_par,67108864,16,16,2,9.94624,0.0988524498431883
kway_par,67108864,16,16,4,8.937796,0.08920981035738167
kway_par,67108864,16,16,8,11.42792,0.18862006680096394
kway_par,67108864,16,64,2,7.305611999999999,0.07024291206947494
kway_par,67108864,16,64,4,4.896246,0.01606708760167818
kway_par,67108864,16,64,8,3.766346,0.03134799298200765
kway_par,67108864,16,256,2,7.186964000000001,0.04825033081751869
kway_par,67108864,16,256,4,4.908828000000001,0.0687891007064344
kway_par,67108864,16,256,8,3.8012260000000007,0.09407720863205923
kway_par,67108864,16,1024,2,6.2993,0.050970193250565586
kway_par,67108864,16,1024,4,4.560848,0.11420433168667443
kway_par,67108864,16,1024,8,3.583372,0.08956348572939757
kway_par,67108864,16,4096,2,6.543284,0.08063026444208155
kway_par,67108864,16,4096,4,4.521687999999999,0.08014547133806121
kway_par,67108864,16,4096,8,3.3959319999999997,0.030388698820449613
kway_par,67108864,32,16,2,10.62476,0.1139627588293648
kway_par,67108864,32,16,4,11.05744,0.09383322652450968
kway_par,67108864,32,16,8,14.32368,0.10671214363885695
kway_par,67108864,32,64,2,7.001968,0.09125595616725521
kway_par,67108864,32,64,4,4.921671999999999,0.06675090633092554
kway_par,67108864,32,64,8,3.958484,0.04071140066369602
kway_par,67108864,32,256,2,7.21328,0.06256655496349457
kway_par,67108864,32,256,4,4.972964,0.07483626329527668
kway_par,67108864,32,256,8,3.9082299999999996,0.038483902608753215
kway_par,67108864,32,1024,2,6.965859999999999,0.08584082478634494
kway_par,67108864,32,1024,4,4.90878,0.04966313240221568
kway_par,67108864,32,1024,8,3.903135999999999,0.049663425818201455
kway_par,67108864,32,4096,2,6.022292,0.06805023038902946
kway_par,67108864,32,4096,4,4.358828,0.04581193879328845
kway_par,67108864,32,4096,8,3.5735,0.01901090529143737
kway_ranks,1048576,2,16,2,0.21766519999999998,0.005642720209260775
kway_ranks,1048576,2,16,4,0.223196,0.006002417246409981
kway_ranks,1048576,2,16,8,0.21359659999999997,0.008885437943061668
kway_ranks,1048576,2,64,2,0.1576774,0.0040888974846528
kway_ranks,1048576,2,64,4,0.1467184,0.007902900495387749
kway_ranks,1048576,2,64,8,0.1290826,0.004559467539088306
kway_ranks,1048576,2,256,2,0.13076459999999998,0.006854816309719755
kway_ranks,1048576,2,256,4,0.11652559999999998,0.004426505556305108
kway_ranks,1048576,2,256,8,0.09376090000000001,0.0014015225663541794
kway_ranks,1048576,2,1024,2,0.1256416,0.003512860805668222
kway_ranks,1048576,2,1024,4,0.1101866,0.002831408525804782
kway_ranks,1048576,2,1024,8,0.0774531,0.0030057573202106635
kway_ranks,1048576,2,4096,2,0.10065052000000001,0.002002443594611341
kway_ranks,1048576,2,4096,4,0.09108696000000001,0.004969572771416071
kway_ranks,1048576,2,4096,8,0.06681658,0.0009916448666735485
kway_ranks,1048576,4,16,2,0.14442499999999997,0.0012863822138073806
kway_ranks,1048576,4,16,4,0.112016,0.007198551215348825
kway_ranks,1048576,4,16,8,0.113754,0.0013750653802637903
kway_ranks,1048576,4,64,2,0.1109554,0.0023442447483144765
kway_ranks,1048576,4,64,4,0.08006088,0.00426069647048461
kway_ranks,1048576,4,64,8,0.07427056000000001,0.0018087444292657785
kway_ranks,1048576,4,256,2,0.09730466,0.004830782712397649
kway_ranks,1048576,4,256,4,0.06330309999999999,0.0023675795124979437
kway_ranks,1048576,4,256,8,0.0627437,0.0017048162892229768
kway_ranks,1048576,4,1024,2,0.08487604,0.0009438834156822557
kway_ranks,1048576,4,1024,4,0.06082474,0.00356746466533307
kway_ranks,1048576,4,1024,8,0.05286116,0.0005492307260159425
kway_ranks,1048576,4,4096,2,0.07634866,0.0013764869699346963
kway_ranks,1048576,4,4096,4,0.0537099,0.0011472638127300971
kway_ranks,1048576,4,4096,8,0.04976834,0.002013111961714996
kway_ranks,1048576,8,16,2,0.20570780000000002,0.006621399048539512
kway_ranks,1048576,8,16,4,0.1802802,0.004459191379611325
kway_ranks,1048576,8,16,8,0.19463439999999999,0.0032520148585146414
kway_ranks,1048576,8,64,2,0.10972820000000001,0.0016038386951311506
kway_ranks,1048576,8,64,4,0.08263634,0.0031032021968282995
kway_ranks,1048576,8,64,8,0.0729391,0.0017880276899421878
kway_ranks,1048576,8,256,2,0.0885606,0.0018402883676206824
kway_ranks,1048576,8,256,4,0.06273011999999999,0.0016320788159889833
kway_ranks,1048576,8,256,8,0.05349694000000001,0.0022383102864437726
kway_ranks,1048576,8,1024,2,0.08757132000000001,0.0014154306784862345
kway_ranks,1048576,8,1024,4,0.06078984,0.00064515557999602
kway_ranks,1048576,8,1024,8,0.05326346,0.001376331978266872
kway_ranks,1048576,8,4096,2,0.07545942,0.0008446839110578583
kway_ranks,1048576,8,4096,4,0.05577222,0.0018354546961448
kway_ranks,1048576,8,4096,8,0.04676524,0.0007170085343983011
kway_ranks,1048576,16,16,2,0.11683639999999999,0.003252554971095804
kway_ranks,1048576,16,16,4,0.09008738000000001,0.0019922195656101767
kway_ranks,1048576,16,16,8,0.08773964,0.0024975427552696642
kway_ranks,1048576,16,64,2,0.11420280000000001,0.0012496699404242727
kway_ranks,1048576,16,64,4,0.0908384,0.002106160898886884
kway_ranks,1048576,16,64,8,0.08645038000000001,0.0021857343703204192
kway_ranks,1048576,16,256,2,0.08467714000000001,0.0005925601829350371
kway_ranks,1048576,16,256,4,0.06386748,0.0024717484106599502
kway_ranks,1048576,16,256,8,0.05367134,0.0006499462334685846
kway_ranks,1048576,16,1024,2,0.08570596,0.0023954726018888205
kway_ranks,1048576,16,1024,4,0.06231424,0.0015739231195963789
kway_ranks,1048576,16,1024,8,0.053718840000000004,0.0013871430057495887
kway_ranks,1048576,16,4096,2,0.06866944,0.001177266438152383
kway_ranks,1048576,16,4096,4,0.05271454,0.001201570143770225
kway_ranks,1048576,16,4096,8,0.049097999999999996,0.0017967631229519364
kway_ranks,1048576,32,16,2,0.315783,0.021847473748696895
kway_ranks,1048576,32,16,4,0.4109926,0.017210676170331018
kway_ranks,1048576,32,16,8,0.5296498,0.004911748584771009
kway_ranks,1048576,32,64,2,0.09820298,0.0016271596828830303
kway_ranks,1048576,32,64,4,0.07657620000000001,0.0011432925574847417
kway_ranks,1048576,32,64,8,0.07139688,0.001193841867920538
kway_ranks,1048576,32,256,2,0.09693248,0.0009112822557254153
kway_ranks,1048576,32,256,4,0.07698904000000001,0.0007583577957666128
kway_ranks,1048576,32,256,8,0.0716319,0.0017690462662123885
kway_ranks,1048576,32,1024,2,0.07606318,0.0016928668647002336
kway_ranks,1048576,32,1024,4,0.060455300000000003,0.001511654782018698
kway_ranks,1048576,32,1024,8,0.053314740000000006,0.0003274477094132741
kway_ranks,1048576,32,4096,2,0.07650011999999999,0.0011660248288951625
kway_ranks,1048576,32,4096,4,0.06054448,0.000850882096180194
kway_ranks,1048576,32,4096,8,0.057849819999999996,0.007280484667218249
kway_ranks,4194304,2,16,2,0.9758932,0.030606079457519524
kway_ranks,4194304,2,16,4,0.965158,0.0362628487187645
kway_ranks,4194304,2,16,8,0.951433,0.03426313225027738
kway_ranks,4194304,2,64,2,0.7224078,0.016011194089136503
kway_ranks,4194304,2,64,4,0.670574,0.033814160376978174
kway_ranks,4194304,2,64,8,0.5557332,0.016148952429182514
kway_ranks,4194304,2,256,2,0.5772590000000001,0.010050740549830168
kway_ranks,4194304,2,256,4,0.5119971999999999,0.015035985293953988
kway_ranks,4194304,2,256,8,0.398957,0.011245489211234892
kway_ranks,4194304,2,1024,2,0.5197414,0.01093037960182535
kway_ranks,4194304,2,1024,4,0.4559382,0.026153811381135247
kway_ranks,4194304,2,1024,8,0.3441452,0.00697952409265846
kway_ranks,4194304,2,4096,2,0.4885244,0.013108793058096532
kway_ranks,4194304,2,4096,4,0.44587380000000004,0.010677707008529498
kway_ranks,4194304,2,4096,8,0.3085212,0.0070649994593064164
kway_ranks,4194304,4,16,2,0.6397024,0.015971395500706902
kway_ranks,4194304,4,16,4,0.4841902,0.01052002025473335
kway_ranks,4194304,4,16,8,0.4993664,0.03329829731743051
kway_ranks,4194304,4,64,2,0.5180534,0.020324869274856366
kway_ranks,4194304,4,64,4,0.3523174,0.00659570510559713
kway_ranks,4194304,4,64,8,0.32575459999999995,0.007465925196517845
kway_ranks,4194304,4,256,2,0.43774300000000005,0.008090331587765716
kway_ranks,4194304,4,256,4,0.2926034,0.005497727843391302
kway_ranks,4194304,4,256,8,0.26139159999999995,0.013528652018586329
kway_ranks,4194304,4,1024,2,0.4025466,0.012476740385212804
kway_ranks,4194304,4,1024,4,0.28385299999999997,0.012016368885815724
kway_ranks,4194304,4,1024,8,0.236808,0.008794917282157923
kway_ranks,4194304,4,4096,2,0.3601702,0.005425063737874431
kway_ranks,4194304,4,4096,4,0.2539846,0.007307193047949395
kway_ranks,4194304,4,4096,8,0.21464659999999997,0.0055169124190982055
kway_ranks,4194304,8,16,2,0.5421908,0.003995248347725077
kway_ranks,4194304,8,16,4,0.40920839999999997,0.011502669387581299
kway_ranks,4194304,8,16,8,0.35797660000000003,0.008234531209486057
kway_ranks,4194304,8,64,2,0.5261254,0.012092214463860593
kway_ranks,4194304,8,64,4,0.40330619999999995,0.005598475485344207
kway_ranks,4194304,8,64,8,0.3620574,0.007858579683377904
kway_ranks,4194304,8,256,2,0.40953039999999996,0.008318315805498123
kway_ranks,4194304,8,256,4,0.2879428,0.0027341196316182045
kway_ranks,4194304,8,256,8,0.2373034,0.005910574510147048
kway_ranks,4194304,8,1024,2,0.35782579999999997,0.0062931842305783475
kway_ranks,4194304,8,1024,4,0.24789559999999997,0.006379222698730619
kway_ranks,4194304,8,1024,8,0.1968952,0.003840662828210782
kway_ranks,4194304,8,4096,2,0.359331,0.006535633282245883
kway_ranks,4194304,8,4096,4,0.2489706,0.009860728139442844
kway_ranks,4194304,8,4096,8,0.19854680000000002,0.0044086527828805025
kway_ranks,4194304,16,16,2,0.7455738,0.02020734948873801
kway_ranks,4194304,16,16,4,0.6750966,0.015197134119300256
kway_ranks,4194304,16,16,8,0.7171095999999999,0.014012930508640959
kway_ranks,4194304,16,64,2,0.4026598,0.005546551627813453
kway_ranks,4194304,16,64,4,0.3088696,0.00494469107629586
kway_ranks,4194304,16,64,8,0.25378459999999997,0.0031697253256394325
kway_ranks,4194304,16,256,2,0.41315300000000005,0.009389956272528631
kway_ranks,4194304,16,256,4,0.302141,0.004330444457558599
kway_ranks,4194304,16,256,8,0.2541434,0.0017581569440752458
kway_ranks,4194304,16,1024,2,0.3408028000000001,0.002135173379376957
kway_ranks,4194304,16,1024,4,0.24706519999999998,0.00398696432890991
kway_ranks,4194304,16,1024,8,0.2098562,0.0035049896661759243
kway_ranks,4194304,16,4096,2,0.34671140000000006,0.002761083671314586
kway_ranks,4194304,16,4096,4,0.25909340000000003,0.011020967990154036
kway_ranks,4194304,16,4096,8,0.2161174,0.003783314821687465
kway_ranks,4194304,32,16,2,0.7051656,0.03223747905528595
kway_ranks,4194304,32,16,4,0.625165,0.17668075962254637
kway_ranks,4194304,32,16,8,0.7286912,0.005481169378882572
kway_ranks,4194304,32,64,2,0.6555182,0.012833790576443108
kway_ranks,4194304,32,64,4,0.6754711999999999,0.00654152653132279
kway_ranks,4194304,32,64,8,0.7648462,0.04447712297979715
kway_ranks,4194304,32,256,2,0.42824840000000003,0.033891232250244305
kway_ranks,4194304,32,256,4,0.30073039999999995,0.0042236243488264795
kway_ranks,4194304,32,256,8,0.2555196,0.0035395614756633456
kway_ranks,4194304,32,1024,2,0.39101820000000004,0.010671121373126634
kway_ranks,4194304,32,1024,4,0.3013522,0.0074469851993944555
kway_ranks,4194304,32,1024,8,0.2533684,0.006357768400940706
kway_ranks,4194304,32,4096,2,0.33265979999999995,0.012338925697158564
kway_ranks,4194304,32,4096,4,0.2504802,0.004240978538026338
kway_ranks,4194304,32,4096,8,0.1183006,0.19737596310655459
kway_ranks,16777216,2,16,2,4.16742,0.05465528117208814
kway_ranks,16777216,2,16,4,3.991647999999999,0.12449013911149748
kway_ranks,16777216,2,16,8,3.88567,0.1714945779900928
kway_ranks,16777216,2,64,2,3.1002979999999996,0.023043175475615286
kway_ranks,16777216,2,64,4,2.8234120000000003,0.05852737321971673
kway_ranks,16777216,2,64,8,2.421434,0.05018865752338874
kway_ranks,16777216,2,256,2,2.719106,0.0219265105294938
kway_ranks,16777216,2,256,4,2.387042,0.21787150712289105
kway_ranks,16777216,2,256,8,1.8327379999999998,0.045597257110488565
kway_ranks,16777216,2,1024,2,2.3376240000000004,0.00815076585358691
kway_ranks,16777216,2,1024,4,1.90855,0.16010816843621692
kway_ranks,16777216,2,1024,8,1.538592,0.03266653051672309
kway_ranks,16777216,2,4096,2,2.1261540000000005,0.021078592552634997
kway_ranks,16777216,2,4096,4,1.81891,0.20231541621932816
kway_ranks,16777216,2,4096,8,1.3432520000000001,0.05025738290042568
kway_ranks,16777216,4,16,2,2.7649679999999996,0.017729854370524274
kway_ranks,16777216,4,16,4,1.997582,0.2043243580584557
kway_ranks,16777216,4,16,8,2.03931,0.015753812237042815
kway_ranks,16777216,4,64,2,2.10072,0.15753211888373753
kway_ranks,16777216,4,64,4,1.553804,0.0559213313861535
kway_ranks,16777216,4,64,8,1.383524,0.03957641297540747
kway_ranks,16777216,4,256,2,1.955596,0.03980048220813414
kway_ranks,16777216,4,256,4,1.2257592,0.18209170953824338
kway_ranks,16777216,4,256,8,1.13753,0.03640708502475854
kway_ranks,16777216,4,1024,2,1.7853280000000002,0.04413375732928247
kway_ranks,16777216,4,1024,4,1.208896,0.018354449705725317
kway_ranks,16777216,4,1024,8,0.913585,0.20717345467699277
kway_ranks,16777216,4,4096,2,1.620128,0.03458828032730164
kway_ranks,16777216,4,4096,4,1.079594,0.025545504183711047
kway_ranks,16777216,4,4096,8,0.9171902,0.008536322191670137
kway_ranks,16777216,8,16,2,2.6978500000000003,0.21194455784473445
kway_ranks,16777216,8,16,4,2.2503599999999997,0.02926074025037641
kway_ranks,16777216,8,16,8,2.122448,0.05038009662555252
kway_ranks,16777216,8,64,2,1.8483260000000001,0.19165898513766577
kway_ranks,16777216,8,64,4,1.3377539999999999,0.01767678771722966
kway_ranks,16777216,8,64,8,1.125864,0.016926855112512795
kway_ranks,16777216,8,256,2,1.82553,0.1886933526121151
kway_ranks,16777216,8,256,4,1.364242,0.017099285833039952
kway_ranks,16777216,8,256,8,1.1174819999999999,0.03933342873434758
kway_ranks,16777216,8,1024,2,1.6629539999999998,0.026076571553791394
kway_ranks,16777216,8,1024,4,1.068271,0.20712218554273704
kway_ranks,16777216,8,1024,8,0.9134497999999999,0.02509982532528861
kway_ranks,16777216,8,4096,2,1.45117,0.002641552573771682
kway_ranks,16777216,8,4096,4,1.0124419999999998,0.013102508767407857
kway_ranks,16777216,8,4096,8,0.8278890000000001,0.009131857598539276
kway_ranks,16777216,16,16,2,2.045088,0.1964063924010622
kway_ranks,16777216,16,16,4,1.652226,0.013483571633658504
kway_ranks,16777216,16,16,8,1.466016,0.009186937683472098
kway_ranks,16777216,16,64,2,2.092092,0.2546018551699889
kway_ranks,16777216,16,64,4,1.645622,0.014689267374515329
kway_ranks,16777216,16,64,8,1.4561000000000002,0.01212065509780717
kway_ranks,16777216,16,256,2,1.6300180000000002,0.01571350171031272
kway_ranks,16777216,16,256,4,1.06019,0.18216921298616842
kway_ranks,16777216,16,256,8,0.9464478,0.008613426389074207
kway_ranks,16777216,16,1024,2,1.6467800000000001,0.02795489152187858
kway_ranks,16777216,16,1024,4,1.179116,0.014076992008238132
kway_ranks,16777216,16,1024,8,0.9446934,0.0051518072013614765
kway_ranks,16777216,16,4096,2,1.3262128,0.20154228901984816
kway_ranks,16777216,16,4096,4,1.0311800000000002,0.01360708344943909
kway_ranks,16777216,16,4096,8,0.8315417999999999,0.004496191294862789
kway_ranks,16777216,32,16,2,2.00316,0.019492217934345035
kway_ranks,16777216,32,16,4,1.5204900000000001,0.20811397694532677
kway_ranks,16777216,32,16,8,1.4645940000000002,0.012208571742837073
kway_ranks,16777216,32,64,2,2.018954,0.030866536313619616
kway_ranks,16777216,32,64,4,1.526886,0.2074098896967066
kway_ranks,16777216,32,64,8,1.465686,0.0037136752685177164
kway_ranks,16777216,32,256,2,2.065182,0.05588571388109845
kway_ranks,16777216,32,256,4,1.60919,0.21912877455961827
kway_ranks,16777216,32,256,8,1.546852,0.052911105601754375
kway_ranks,16777216,32,1024,2,1.6581579999999998,0.13331692921756041
kway_ranks,16777216,32,1024,4,1.216986,0.05197565837966842
kway_ranks,16777216,32,1024,8,1.0029322,0.03892843705776023
kway_ranks,16777216,32,4096,2,1.467196,0.19997108406967243
kway_ranks,16777216,32,4096,4,1.182266,0.022138716855319297
kway_ranks,16777216,32,4096,8,1.0217806,0.06020897826603606
kway_ranks,67108864,2,16,2,18.4143,0.21568622580035163
kway_ranks,67108864,2,16,4,18.153399999999998,0.6530201191387603
kway_ranks,67108864,2,16,8,17.18234,1.0130476486325801
kway_ranks,67108864,2,64,2,13.447879999999998,0.3414052454195747
kway_ranks,67108864,2,64,4,11.97588,0.21280271990742958
kway_ranks,67108864,2,64,8,10.368128,0.42835479399208337
kway_ranks,67108864,2,256,2,11.836680000000001,0.06879053423255259
kway_ranks,67108864,2,256,4,9.48038,1.027759344457641
kway_ranks,67108864,2,256,8,7.472206,0.44071981523866166
kway_ranks,67108864,2,1024,2,10.70854,0.2572425905638489
kway_ranks,67108864,2,1024,4,9.468399999999999,1.273571334178027
kway_ranks,67108864,2,1024,8,6.721992,0.21036008969383907
kway_ranks,67108864,2,4096,2,9.68366,0.3106639263255392
kway_ranks,67108864,2,4096,4,8.151936000000001,0.2567879877720139
kway_ranks,67108864,2,4096,8,6.015032,0.2232585152149858
kway_ranks,67108864,4,16,2,11.88896,0.29300053651828023
kway_ranks,67108864,4,16,4,8.982968,0.35568189317984655
kway_ranks,67108864,4,16,8,8.338962,0.6803141641153739
kway_ranks,67108864,4,64,2,9.453806,0.32153358596575843
kway_ranks,67108864,4,64,4,6.526681999999999,0.31280685679185477
kway_ranks,67108864,4,64,8,5.662762000000001,0.2424082868550496
kway_ranks,67108864,4,256,2,8.487914,0.13418072627616812
kway_ranks,67108864,4,256,4,5.626372,0.3914683236431781
kway_ranks,67108864,4,256,8,4.940298,0.26521002902605323
kway_ranks,67108864,4,1024,2,8.156376,0.23889838480826922
kway_ranks,67108864,4,1024,4,5.442308000000001,0.3329453469505167
kway_ranks,67108864,4,1024,8,4.438428,0.07560201886193257
kway_ranks,67108864,4,4096,2,7.15078,0.23019733091415293
kway_ranks,67108864,4,4096,4,4.717968,0.33963750431305423
kway_ranks,67108864,4,4096,8,4.2392579999999995,0.06808605448988823
kway_ranks,67108864,8,16,2,15.77336,0.4485814200343119
kway_ranks,67108864,8,16,4,13.165959999999998,0.31684104910822375
kway_ranks,67108864,8,16,8,13.345160000000002,0.36257013445676933
kway_ranks,67108864,8,64,2,9.056766,0.31830648906988984
kway_ranks,67108864,8,64,4,6.497795999999999,0.4077882696498271
kway_ranks,67108864,8,64,8,5.58355,0.3630800462157071
kway_ranks,67108864,8,256,2,7.389712,0.27358902985317246
kway_ranks,67108864,8,256,4,5.066784,0.2280291060895518
kway_ranks,67108864,8,256,8,4.115734,0.07580731801086234
kway_ranks,67108864,8,1024,2,7.434316,0.30085055064599775
kway_ranks,67108864,8,1024,4,5.21628,0.2857738488385528
kway_ranks,67108864,8,1024,8,4.220352,0.10774056792128026
kway_ranks,67108864,8,4096,2,6.58599,0.34737924710609885
kway_ranks,67108864,8,4096,4,4.553427999999999,0.28868556967053255
kway_ranks,67108864,8,4096,8,3.76427,0.0994939933865357
kway_ranks,67108864,16,16,2,12.878199999999998,0.21105091328871314
kway_ranks,67108864,16,16,4,11.79546,0.41990070540545654
kway_ranks,67108864,16,16,8,12.13226,0.3358787316874944
kway_ranks,67108864,16,64,2,7.771724000000001,0.2910266338052242
kway_ranks,67108864,16,64,4,5.7271160000000005,0.051239351127819514
kway_ranks,67108864,16,64,8,4.552312,0.31808145305251617
kway_ranks,67108864,16,256,2,7.799519999999999,0.3071478629585429
kway_ranks,67108864,16,256,4,5.532062,0.28107899718050805
kway_ranks,67108864,16,256,8,4.611844,0.04035259228352001
kway_ranks,67108864,16,1024,2,6.753659999999999,0.08499299759391951
kway_ranks,67108864,16,1024,4,4.630485999999999,0.29126258459335297
kway_ranks,67108864,16,1024,8,3.62751,0.2953897753816134
kway_ranks,67108864,16,4096,2,6.646828000000001,0.28267434785632733
kway_ranks,67108864,16,4096,4,4.681284,0.36313317753132934
kway_ranks,67108864,16,4096,8,3.7823320000000002,0.03259086890526248
kway_ranks,67108864,32,16,2,13.92088,0.30164243335446034
kway_ranks,67108864,32,16,4,14.72432,0.37509320121804424
kway_ranks,67108864,32,16,8,16.82274,0.5430138215552157
kway_ranks,67108864,32,64,2,7.5274019999999995,0.30973868182065983
kway_ranks,67108864,32,64,4,5.602556,0.24385468374423322
kway_ranks,67108864,32,64,8,4.76844,0.06804904025774365
kway_ranks,67108864,32,256,2,7.53974,0.31273402648256865
kway_ranks,67108864,32,256,4,5.517594000000001,0.30032405315592015
kway_ranks,67108864,32,256,8,4.574908000000001,0.2881090656261963
kway_ranks,67108864,32,1024,2,7.51978,0.3052902661402751
kway_ranks,67108864,32,1024,4,5.523132,0.2700926786419802
kway_ranks,67108864,32,1024,8,4.62512,0.3095315155521326
kway_ranks,67108864,32,4096,2,6.321826000000001,0.3149912827746189
kway_ranks,67108864,32,4096,4,4.6012059999999995,0.2922304615607345
kway_ranks,67108864,32,4096,8,3.727184,0.2786264866519334
kway_full,1048576,2,16,2,0.2324388,0.005652375903989405
kway_full,1048576,2,16,4,0.2363614,0.007232925344561493
kway_full,1048576,2,16,8,0.23101280000000002,0.009305192988863805
kway_full,1048576,2,64,2,0.1594542,0.0021441766158598087
kway_full,1048576,2,64,4,0.1501486,0.005856463014482372
kway_full,1048576,2,64,8,0.1337098,0.002923288039177799
kway_full,1048576,2,256,2,0.1359348,0.004784323417161509
kway_full,1048576,2,256,4,0.12369619999999999,0.005349157369156384
kway_full,1048576,2,256,8,0.09614384000000001,0.0025449326149035835
kway_full,1048576,2,1024,2,0.1283618,0.001681598691721662
kway_full,1048576,2,1024,4,0.11556739999999999,0.003564485746920583
kway_full,1048576,2,1024,8,0.08434522000000001,0.0024763364031568915
kway_full,1048576,2,4096,2,0.10377080000000001,0.0013391978793292623
kway_full,1048576,2,4096,4,0.09377096,0.0038745570371850266
kway_full,1048576,2,4096,8,0.06894156,0.0009602235148130903
kway_full,1048576,4,16,2,0.15315879999999998,0.0030521958914853423
kway_full,1048576,4,16,4,0.11777820000000001,0.00394845794709783
kway_full,1048576,4,16,8,0.12072659999999999,0.0032448613283158926
kway_full,1048576,4,64,2,0.12173459999999998,0.007692064393906231
kway_full,1048576,4,64,4,0.08190106,0.005033579075210798
kway_full,1048576,4,64,8,0.0833209,0.0034992572486171954
kway_full,1048576,4,256,2,0.10107378,0.004063315999722394
kway_full,1048576,4,256,4,0.06776684,0.0033599834931737384
kway_full,1048576,4,256,8,0.0641053,0.00226544461331545
kway_full,1048576,4,1024,2,0.08753584,0.0010935578623922921
kway_full,1048576,4,1024,4,0.05870952,0.0021933726034579723
kway_full,1048576,4,1024,8,0.0542014,0.0008210637685344551
kway_full,1048576,4,4096,2,0.07942826,0.00162316067054374
kway_full,1048576,4,4096,4,0.05492020000000001,0.002449498540518038
kway_full,1048576,4,4096,8,0.050919099999999995,0.0011426346642737556
kway_full,1048576,8,16,2,0.21367000000000003,0.004212846828452229
kway_full,1048576,8,16,4,0.18838880000000002,0.0046843379638962825
kway_full,1048576,8,16,8,0.22365240000000003,0.01451373204382662
kway_full,1048576,8,64,2,0.12082079999999999,0.009634804811722967
kway_full,1048576,8,64,4,0.08707276,0.005807029442873524
kway_full,1048576,8,64,8,0.08056812,0.0030698673368078967
kway_full,1048576,8,256,2,-0.053649100000000005,0.29187541614462154
kway_full,1048576,8,256,4,0.06555311999999999,0.002706729165912244
kway_full,1048576,8,256,8,0.05964036,0.003629720435846263
kway_full,1048576,8,1024,2,0.09111204,0.0018895311699995837
kway_full,1048576,8,1024,4,0.07075662,0.0030819316743886456
kway_full,1048576,8,1024,8,0.05774262,0.0021247213505775275
kway_full,1048576,8,4096,2,0.07847896000000001,0.0019331261330808186
kway_full,1048576,8,4096,4,0.05697129999999999,0.0013245576303053015
kway_full,1048576,8,4096,8,0.04837818000000001,0.000577491151101036
kway_full,1048576,16,16,2,0.1205198,0.005508753267301047
kway_full,1048576,16,16,4,0.09652497999999998,0.002849274569710681
kway_full,1048576,16,16,8,0.08875519999999999,0.0007233736406588251
kway_full,1048576,16,64,2,0.1170242,0.0012365358708909355
kway_full,1048576,16,64,4,0.09474940000000001,0.0026178301648502713
kway_full,1048576,16,64,8,0.08893258,0.002564422201120561
kway_full,1048576,16,256,2,0.08594786,0.0008356010904732032
kway_full,1048576,16,256,4,0.06428014,0.0023879782943737144
kway_full,1048576,16,256,8,0.055418539999999995,0.0008504352029402358
kway_full,1048576,16,1024,2,0.08777821999999999,0.001957873641888058
kway_full,1048576,16,1024,4,0.06453418000000001,0.002485970070938101
kway_full,1048576,16,1024,8,0.05594288000000001,0.000926280118322748
kway_full,1048576,16,4096,2,0.07291829999999999,0.0008994621415045774
kway_full,1048576,16,4096,4,0.056958140000000004,0.0014951398457669432
kway_full,1048576,16,4096,8,0.050693880000000004,0.0028984178562795246
kway_full,1048576,32,16,2,0.32751759999999996,0.01249051410631284
kway_full,1048576,32,16,4,0.4369628,0.01008274630048777
kway_full,1048576,32,16,8,0.5552024,0.004533671871673124
kway_full,1048576,32,64,2,0.10072539999999999,0.0004342766859963803
kway_full,1048576,32,64,4,0.07851012,0.001205529469403382
kway_full,1048576,32,64,8,0.07470274,0.0009065068595438189
kway_full,1048576,32,256,2,0.10226379999999999,0.0010765859742723764
kway_full,1048576,32,256,4,0.07840183999999999,0.0008109351604166624
kway_full,1048576,32,256,8,0.0822724,0.011008893788387637
kway_full,1048576,32,1024,2,0.07912633999999999,0.0014081376844612907
kway_full,1048576,32,1024,4,0.06425538,0.001959494586264531
kway_full,1048576,32,1024,8,0.055402099999999996,0.00070032773185131
kway_full,1048576,32,4096,2,0.07947572,0.00252444485572571
kway_full,1048576,32,4096,4,0.06143958000000001,0.0007462333961971941
kway_full,1048576,32,4096,8,0.05560286,0.00032927112597371633
kway_full,4194304,2,16,2,0.9880793999999999,0.007970848702616308
kway_full,4194304,2,16,4,0.8708866000000001,0.29215095868102164
kway_full,4194304,2,16,8,1.0263168,0.030075084986746103
kway_full,4194304,2,64,2,0.7599473999999999,0.011834877719689382
kway_full,4194304,2,64,4,0.6845661999999999,0.048238519875303
kway_full,4194304,2,64,8,0.596179,0.01599613778385269
kway_full,4194304,2,256,2,0.6049467999999999,0.010743764692136547
kway_full,4194304,2,256,4,0.4990919999999999,0.0542371960374059
kway_full,4194304,2,256,8,0.41447759999999995,0.0037666393827920364
kway_full,4194304,2,1024,2,0.5320790000000001,0.011194545600425255
kway_full,4194304,2,1024,4,0.4831362,0.018558420788418396
kway_full,4194304,2,1024,8,0.2054662,0.29974763400527454
kway_full,4194304,2,4096,2,0.5044816,0.018958557187718682
kway_full,4194304,2,4096,4,0.4638196,0.0111805072085304
kway_full,4194304,2,4096,8,0.32586419999999994,0.0055939150297443715
kway_full,4194304,4,16,2,0.6631612,0.006746971362026087
kway_full,4194304,4,16,4,0.5121966,0.01855997946766105
kway_full,4194304,4,16,8,0.503452,0.0030584855729592782
kway_full,4194304,4,64,2,0.5202564000000001,0.00847849082325388
kway_full,4194304,4,64,4,0.35607160000000004,0.009226971433791262
kway_full,4194304,4,64,8,0.32782659999999997,0.0028439693106642465
kway_full,4194304,4,256,2,0.44223819999999997,0.004268898002997982
kway_full,4194304,4,256,4,0.297792,0.006974716711092993
kway_full,4194304,4,256,8,0.2621932,0.005596102193491479
kway_full,4194304,4,1024,2,0.25348319999999996,0.29202232139095124
kway_full,4194304,4,1024,4,0.2719252,0.004544912690030469
kway_full,4194304,4,1024,8,0.23612859999999997,0.00363663875577435
kway_full,4194304,4,4096,2,0.36635260000000003,0.014796787686521685
kway_full,4194304,4,4096,4,0.2397608,0.0018437684670261677
kway_full,4194304,4,4096,8,0.2123078,0.0017353483108586561
kway_full,4194304,8,16,2,0.5565665999999999,0.011778024190839486
kway_full,4194304,8,16,4,0.4273986000000001,0.003481187015947293
kway_full,4194304,8,16,8,0.38287799999999994,0.009205239442839054
kway_full,4194304,8,64,2,0.5481708000000001,0.007077711562362513
kway_full,4194304,8,64,4,0.43059259999999994,0.005414099762656758
kway_full,4194304,8,64,8,0.3850716,0.006704346578153611
kway_full,4194304,8,256,2,0.4295282,0.010777907670786563
kway_full,4194304,8,256,4,0.321826,0.012908177175728567
kway_full,4194304,8,256,8,0.25415920000000003,0.007828817366626958
kway_full,4194304,8,1024,2,0.37342519999999996,0.00766878439910787
kway_full,4194304,8,1024,4,0.11646179999999999,0.28856761395929376
kway_full,4194304,8,1024,8,0.20416660000000003,0.003386239660744642
kway_full,4194304,8,4096,2,0.3667554,0.009546882707983788
kway_full,4194304,8,4096,4,0.2646184,0.008530442253482522
kway_full,4194304,8,4096,8,0.20695519999999998,0.0035380755446994087
kway_full,4194304,16,16,2,0.7431312,0.009269560321827564
kway_full,4194304,16,16,4,0.716149,0.004300861867114553
kway_full,4194304,16,16,8,0.7826266,0.023162859042872932
kway_full,4194304,16,64,2,0.43371000000000004,0.01623557857299825
kway_full,4194304,16,64,4,0.3239864,0.008432339950452665
kway_full,4194304,16,64,8,0.27406620000000004,0.0072282851465613925
kway_full,4194304,16,256,2,0.4226866,0.007521278843388259
kway_full,4194304,16,256,4,0.31693499999999997,0.006888468276765164
kway_full,4194304,16,256,8,0.2637546,0.0019420276620069072
kway_full,4194304,16,1024,2,0.20974560000000003,0.29366172311869315
kway_full,4194304,16,1024,4,0.26841119999999996,0.017909240222857014
kway_full,4194304,16,1024,8,0.21304240000000002,0.0006301992066005739
kway_full,4194304,16,4096,2,0.35194839999999994,0.004303208365859126
kway_full,4194304,16,4096,4,0.261068,0.0015564590582472723
kway_full,4194304,16,4096,8,0.2133912,0.0034689981493220812
kway_full,4194304,32,16,2,0.684583,0.0148437480442104
kway_full,4194304,32,16,4,0.6747978,0.011343603473323634
kway_full,4194304,32,16,8,0.7373938,0.009477725917117468
kway_full,4194304,32,64,2,0.6773587999999999,0.007637765076251034
kway_full,4194304,32,64,4,0.6829346,0.0024579016741928506
kway_full,4194304,32,64,8,0.7327870000000001,0.005732428979062878
kway_full,4194304,32,256,2,0.24911380000000002,0.29293896090783145
kway_full,4194304,32,256,4,0.2971878,0.003022201938984226
kway_full,4194304,32,256,8,0.25682879999999997,0.004524446149530339
kway_full,4194304,32,1024,2,0.3917438,0.005702077705538571
kway_full,4194304,32,1024,4,0.29803040000000003,0.0020040014570852933
kway_full,4194304,32,1024,8,0.2553176,0.004908533654769007
kway_full,4194304,32,4096,2,0.32891499999999996,0.007724234434557242
kway_full,4194304,32,4096,4,0.252509,0.005460616192335803
kway_full,4194304,32,4096,8,0.21890020000000004,0.003222925466094425
kway_full,16777216,2,16,2,4.108814,0.30602113290424887
kway_full,16777216,2,16,4,4.280780000000001,0.10353422777033683
kway_full,16777216,2,16,8,4.039068,0.33406814121672845
kway_full,16777216,2,64,2,3.016744,0.31004074432887047
kway_full,16777216,2,64,4,2.956664,0.08193805943516116
kway_full,16777216,2,64,8,2.47713,0.04415790257700205
kway_full,16777216,2,256,2,2.6094479999999995,0.2943203406766171
kway_full,16777216,2,256,4,2.587568,0.04811024980188738
kway_full,16777216,2,256,8,1.865482,0.04734800329475366
kway_full,16777216,2,1024,2,2.411814,0.015022493268429152
kway_full,16777216,2,1024,4,2.04443,0.04437492850698461
kway_full,16777216,2,1024,8,1.5734480000000002,0.02861918615195057
kway_full,16777216,2,4096,2,2.315914,0.16406468024532284
kway_full,16777216,2,4096,4,2.0522,0.05743531422391626
kway_full,16777216,2,4096,8,1.3047628,0.22823045509169018
kway_full,16777216,4,16,2,2.8727479999999996,0.02698005885834953
kway_full,16777216,4,16,4,2.049672,0.2979558117171067
kway_full,16777216,4,16,8,2.1818800000000005,0.0451695379653146
kway_full,16777216,4,64,2,2.2948060000000003,0.04351016828282791
kway_full,16777216,4,64,4,1.472173,0.343090311020291
kway_full,16777216,4,64,8,1.417656,0.007399401597426684
kway_full,16777216,4,256,2,1.9852560000000001,0.03056824600790833
kway_full,16777216,4,256,4,1.292738,0.022707700367936814
kway_full,16777216,4,256,8,1.1395680000000001,0.009018477476825024
kway_full,16777216,4,1024,2,1.8033899999999998,0.02832838505810031
kway_full,16777216,4,1024,4,1.209482,0.05909420323517357
kway_full,16777216,4,1024,8,1.040448,0.02546227829554922
kway_full,16777216,4,4096,2,1.4923616,0.30956841801811763
kway_full,16777216,4,4096,4,1.120354,0.046542236989642036
kway_full,16777216,4,4096,8,0.9339042,0.006307193017499958
kway_full,16777216,8,16,2,2.717442,0.31783848051486785
kway_full,16777216,8,16,4,2.30535,0.016484470267497327
kway_full,16777216,8,16,8,2.231782,0.06718092687660682
kway_full,16777216,8,64,2,1.80262,0.3122792466367242
kway_full,16777216,8,64,4,1.3733879999999998,0.019924248944439532
kway_full,16777216,8,64,8,1.149168,0.04740969959828891
kway_full,16777216,8,256,2,2.0128480000000004,0.03355733982305508
kway_full,16777216,8,256,4,1.2456566000000002,0.29933303100433134
kway_full,16777216,8,256,8,1.1206420000000001,0.029694545896510986
kway_full,16777216,8,1024,2,1.6886579999999998,0.027125241676342712
kway_full,16777216,8,1024,4,1.1621,0.021618866760309153
kway_full,16777216,8,1024,8,0.791887,0.3055165210570453
kway_full,16777216,8,4096,2,1.5096,0.01161936659203077
kway_full,16777216,8,4096,4,1.0406520000000001,0.011549565186620673
kway_full,16777216,8,4096,8,0.8161950000000001,0.018276339764843504
kway_full,16777216,16,16,2,2.035904,0.3157548308165688
kway_full,16777216,16,16,4,1.69907,0.011864321303808382
kway_full,16777216,16,16,8,1.513176,0.020433199064267948
kway_full,16777216,16,64,2,2.044272,0.3245888743256614
kway_full,16777216,16,64,4,1.7645999999999997,0.06702675853716929
kway_full,16777216,16,64,8,1.5436860000000001,0.01762984583029587
kway_full,16777216,16,256,2,1.68702,0.033537152532676355
kway_full,16777216,16,256,4,1.0612236,0.3408051736987571
kway_full,16777216,16,256,8,1.0216726,0.022344673974797613
kway_full,16777216,16,1024,2,1.780606,0.03663062412790694
kway_full,16777216,16,1024,4,1.2497479999999999,0.014078305863988063
kway_full,16777216,16,1024,8,0.8442966000000001,0.31933262392408335
kway_full,16777216,16,4096,2,1.525376,0.01536526290045177
kway_full,16777216,16,4096,4,1.111232,0.026351360799776544
kway_full,16777216,16,4096,8,0.8907809999999999,0.006297071160468176
kway_full,16777216,32,16,2,2.0842080000000003,0.0434315127067893
kway_full,16777216,32,16,4,1.664658,0.012589369166086184
kway_full,16777216,32,16,8,1.51372,0.030295542246343725
kway_full,16777216,32,64,2,2.071508,0.022963599369436913
kway_full,16777216,32,64,4,1.4828614000000002,0.2997299513893131
kway_full,16777216,32,64,8,1.51466,0.021867953722285033
kway_full,16777216,32,256,2,2.0511299999999997,0.011736904191480841
kway_full,16777216,32,256,4,1.663994,0.0202941977914871
kway_full,16777216,32,256,8,1.5096319999999999,0.008263041570753443
kway_full,16777216,32,1024,2,1.5915460000000001,0.008697957461381382
kway_full,16777216,32,1024,4,1.477986,0.3052560638283866
kway_full,16777216,32,1024,8,0.9731018,0.2723469988543293
kway_full,16777216,32,4096,2,1.6650179999999999,0.025937737295300082
kway_full,16777216,32,4096,4,1.2295859999999998,0.0341504814607349
kway_full,16777216,32,4096,8,1.0276139999999998,0.02463807995765908
kway_full,67108864,2,16,2,18.19936,0.4833513695025597
kway_full,67108864,2,16,4,17.831560000000003,0.49960024259401703
kway_full,67108864,2,16,8,16.789399999999997,0.5486013270126123
kway_full,67108864,2,64,2,13.51396,0.40512399879543043
kway_full,67108864,2,64,4,12.29492,0.29970693952593114
kway_full,67108864,2,64,8,10.155596,0.29914272651027307
kway_full,67108864,2,256,2,11.75652,0.36471367070621286
kway_full,67108864,2,256,4,9.945546,0.7543016458049129
kway_full,67108864,2,256,8,7.481536,0.5020137565286432
kway_full,67108864,2,1024,2,10.52818,0.35015088404857675
kway_full,67108864,2,1024,4,9.636856,0.39036094223679696
kway_full,67108864,2,1024,8,6.650474,0.3298053989612662
kway_full,67108864,2,4096,2,9.292316,0.3858444745023567
kway_full,67108864,2,4096,4,7.932224,0.4127379464309045
kway_full,67108864,2,4096,8,6.06989,0.3396384707891612
kway_full,67108864,4,16,2,11.72082,0.44593537379310927
kway_full,67108864,4,16,4,9.031268,0.7622850415533551
kway_full,67108864,4,16,8,8.572773999999999,0.648181743112223
kway_full,67108864,4,64,2,9.331056,0.4039059870118292
kway_full,67108864,4,64,4,6.460392000000001,0.25173748242166866
kway_full,67108864,4,64,8,5.538752000000001,0.4832904027766328
kway_full,67108864,4,256,2,8.311893999999999,0.39422366451546237
kway_full,67108864,4,256,4,5.599206,0.36743960252536745
kway_full,67108864,4,256,8,4.844448000000001,0.07399475965228879
kway_full,67108864,4,1024,2,7.764676,0.35844922600558116
kway_full,67108864,4,1024,4,5.226522,0.4942865052740162
kway_full,67108864,4,1024,8,4.3259300000000005,0.058237432979141274
kway_full,67108864,4,4096,2,7.135438000000001,0.2846514619249302
kway_full,67108864,4,4096,4,4.767694,0.3845202360656719
kway_full,67108864,4,4096,8,3.822306,0.3334783563351601
kway_full,67108864,8,16,2,15.3516,0.4683099699985047
kway_full,67108864,8,16,4,13.119319999999998,0.44833369001224926
kway_full,67108864,8,16,8,12.86882,0.5874196980013526
kway_full,67108864,8,64,2,8.831546,0.37191922792993615
kway_full,67108864,8,64,4,6.290107999999999,0.36976857029228416
kway_full,67108864,8,64,8,5.265718000000001,0.4390950281841051
kway_full,67108864,8,256,2,7.383658,0.4441346509967443
kway_full,67108864,8,256,4,5.042104,0.3808221618866213
kway_full,67108864,8,256,8,4.014314000000001,0.10333089733472743
kway_full,67108864,8,1024,2,7.420478,0.4746530094879838
kway_full,67108864,8,1024,4,5.02773,0.3519370594864938
kway_full,67108864,8,1024,8,4.03472,0.05879220730675101
kway_full,67108864,8,4096,2,6.573708000000001,0.4405602132467251
kway_full,67108864,8,4096,4,4.826146,0.07405121298128736
kway_full,67108864,8,4096,8,3.785022,0.03267721065207365
kway_full,67108864,16,16,2,12.7979,0.45691070024677677
kway_full,67108864,16,16,4,11.827499999999999,0.5632642434950054
kway_full,67108864,16,16,8,11.97862,0.46694138133174684
kway_full,67108864,16,64,2,7.711426,0.38714710525070467
kway_full,67108864,16,64,4,5.432626000000001,0.33546135280237577
kway_full,67108864,16,64,8,4.407434,0.3706213401627057
kway_full,67108864,16,256,2,7.746201999999999,0.3508328015679262
kway_full,67108864,16,256,4,5.6338040000000005,0.04535319904924007
kway_full,67108864,16,256,8,4.405087999999999,0.4008541624281828
kway_full,67108864,16,1024,2,6.5750020000000005,0.37595808050366475
kway_full,67108864,16,1024,4,4.763122,0.03940525772025866
kway_full,67108864,16,1024,8,3.5771059999999997,0.4317319056822184
kway_full,67108864,16,4096,2,6.600046000000001,0.43900592062522353
kway_full,67108864,16,4096,4,4.54744,0.3942912059886702
kway_full,67108864,16,4096,8,3.59745,0.33272910020014784
kway_full,67108864,32,16,2,14.0575,0.3891865105575986
kway_full,67108864,32,16,4,14.399519999999999,0.49991749079223047
kway_full,67108864,32,16,8,16.329320000000003,0.5726319530029738
kway_full,67108864,32,64,2,7.423094000000001,0.41191359849366477
kway_full,67108864,32,64,4,5.427492,0.3542747597783391
kway_full,67108864,32,64,8,4.501866,0.3757022356920437
kway_full,67108864,32,256,2,7.331391999999999,0.49108879899260593
kway_full,67108864,32,256,4,5.414510000000001,0.392646051552795
kway_full,67108864,32,256,8,4.4968960000000004,0.36717863764658204
kway_full,67108864,32,1024,2,7.499536000000001,0.4140580574557148
kway_full,67108864,32,1024,4,5.453320000000001,0.40355715842988105
kway_full,67108864,32,1024,8,4.4997039999999995,0.40822850873499755
kway_full,67108864,32,4096,2,6.238542000000001,0.400312753651442
kway_full,67108864,32,4096,4,4.497822,0.4100821012138912
kway_full,67108864,32,4096,8,3.8390499999999994,0.012725355790703816
